"sitecode","usgs_gagename","comid_old","comid_new","vpuid","ws_area_km2","ws_area_src","width_m","width_src"
"nwis_01104430","nwis_01104430",5866423,5866423,"01",18.0225,"NHDV2_vaa",3.6576,"NWIS field measurements"
"nwis_01124000","nwis_01124000",6144833,6144833,"01",392.517,"NHDV2_vaa",19.431,"NWIS field measurements"
"nwis_01125100","nwis_01125100",6148379,6148379,"01",264.645,"NHDV2_vaa",18.5928,"NWIS field measurements"
"nwis_01184000","nwis_01184000",7699970,7700898,"01",25008.6483,"NHDV2_vaa",324.612,"NWIS field measurements"
"nwis_01193050","nwis_01193050",7701224,7701224,"01",28210.8825,"NHDV2_vaa",313.944,"NWIS field measurements"
"nwis_01196500","nwis_01196500",6177036,6177036,"01",288.837,"NHDV2_vaa",13.2588,"NWIS field measurements"
"nwis_01201487","nwis_01201487",7716694,7716694,"01",165.0096,"NHDV2_vaa",16.3068,"NWIS field measurements"
"nwis_01208500","nwis_01208500",7718060,7718060,"01",674.0073,"NHDV2_vaa",21.67128,"NWIS field measurements"
"nwis_01208990","nwis_01208990",7731665,7731665,"01",53.649,"NHDV2_vaa",5.5626,"NWIS field measurements"
"nwis_01382210","nwis_01382210",6246352,6246352,"02",70.2063,"NHDV2_vaa",9.144,"NWIS field measurements"
"nwis_01388000","nwis_01388000",6250614,6250614,"02",415.683,"NHDV2_vaa",26.76144,"NWIS field measurements"
"nwis_01400500","nwis_01400500",9513852,9513852,"02",1274.0643,"NHDV2_vaa",53.6448,"NWIS field measurements"
"nwis_01408500","nwis_01408500",9453743,9453743,"02",330.8598,"NHDV2_vaa",16.77924,"NWIS field measurements"
"nwis_01433500","nwis_01433500",4150156,4150156,"02",523.908,"NHDV2_vaa",18.04416,"NWIS field measurements"
"nwis_01454700","nwis_01454700",4188251,4188251,"02",3526.7337,"NHDV2_vaa",88.6968,"NWIS field measurements"
"nwis_01463500","nwis_01463500",2590277,2590277,"02",17573.6097,"NHDV2_vaa",350.52,"NWIS field measurements"
"nwis_01473500","nwis_01473500",4782501,4782501,"02",4566.5811,"NHDV2_vaa",225.7044,"NWIS field measurements"
"nwis_01474500","nwis_01474500",4784831,4784831,"02",4888.8459,"NHDV2_vaa",147.828,"NWIS field measurements"
"nwis_01480617","nwis_01480617",4650580,4650580,"02",143.2746,"NHDV2_vaa",25.2984,"NWIS field measurements"
"nwis_01480870","nwis_01480870",4650548,4650548,"02",232.6617,"NHDV2_vaa",18.5166,"NWIS field measurements"
"nwis_01481000","nwis_01481000",4652046,4652046,"02",746.2791,"NHDV2_vaa",29.29128,"NWIS field measurements"
"nwis_01481500","nwis_01481500",4655440,4655440,"02",824.9895,"NHDV2_vaa",34.7472,"NWIS field measurements"
"nwis_01484525","nwis_01484525",8407597,8407597,"02",161.6238,"NHDV2_vaa",20.4216,"NWIS field measurements"
"nwis_01487150","nwis_01487150",8391556,8391556,"02",7.7112,"NHDV2_vaa",4.81584,"NWIS field measurements"
"nwis_01493112","nwis_01493112",4765418,4765418,"02",17.8344,"NHDV2_vaa",5.09016,"NWIS field measurements"
"nwis_01540500","nwis_01540500",2604975,2604977,"02",29083.5801,"NHDV2_vaa",359.664,"NWIS field measurements"
"nwis_01542500","nwis_01542500",4672391,4672391,"02",3790.602,"NHDV2_vaa",130.4544,"NWIS field measurements"
"nwis_01544500","nwis_01544500",8134650,8134650,"02",363.0384,"NHDV2_vaa",27.2796,"NWIS field measurements"
"nwis_01548303","nwis_01548303",8143294,8143294,"02",18.6858,"NHDV2_vaa",4.572,"NWIS field measurements"
"nwis_01549700","nwis_01549700",8145248,8145248,"02",2460.357,"NHDV2_vaa",118.4148,"NWIS field measurements"
"nwis_01567000","nwis_01567000",4699925,4699925,"02",8681.31,"NHDV2_vaa",166.5732,"NWIS field measurements"
"nwis_01570500","nwis_01570500",4710000,4710000,"02",62361.1179,"NHDV2_vaa",984.504,"NWIS field measurements"
"nwis_01608500","nwis_01608500",8420360,8420360,"02",3793.6683,"NHDV2_vaa",64.3128,"NWIS field measurements"
"nwis_01611500","nwis_01611500",8431736,8431736,"02",1749.267,"NHDV2_vaa",45.1104,"NWIS field measurements"
"nwis_01632900","nwis_01632900",8441303,8441303,"02",245.9511,"NHDV2_vaa",12.3444,"NWIS field measurements"
"nwis_01645704","nwis_01645704",4509120,4509120,"02",14.6538,"NHDV2_vaa",4.0386,"NWIS field measurements"
"nwis_01645762","nwis_01645762",4509040,4509040,"02",7.1937,"NHDV2_vaa",4.23672,"NWIS field measurements"
"nwis_01646000","nwis_01646000",4509202,4509202,"02",150.8202,"NHDV2_vaa",14.6304,"NWIS field measurements"
"nwis_01646305","nwis_01646305",4508904,4508904,"02",6.9642,"NHDV2_vaa",2.80416,"NWIS field measurements"
"nwis_01646500","nwis_01646500",4512772,4512772,"02",29947.1013,"NHDV2_vaa",417.576,"NWIS field measurements"
"nwis_01648010","nwis_01648010",22338431,22338431,"02",171.4914,"NHDV2_vaa",13.16736,"NWIS field measurements"
"nwis_01649190","nwis_01649190",22336379,22336379,"02",33.9651,"NHDV2_vaa",5.4864,"NWIS field measurements"
"nwis_01649500","nwis_01649500",22337975,22337975,"02",194.3361,"NHDV2_vaa",19.90344,"NWIS field measurements"
"nwis_01650800","nwis_01650800",22338427,22338427,"02",19.1439,"NHDV2_vaa",7.04088,"NWIS field measurements"
"nwis_0165389205","nwis_0165389205",22338713,22338713,"02",10.4121,"NHDV2_vaa",8.8392,"NWIS field measurements"
"nwis_01654000","nwis_01654000",22340331,22340331,"02",62.2764,"NHDV2_vaa",7.4676,"NWIS field measurements"
"nwis_01654500","nwis_01654500",22340329,22340329,"02",9.9162,"NHDV2_vaa",3.6576,"NWIS field measurements"
"nwis_01656903","nwis_01656903",22338645,22338645,"02",10.3041,"NHDV2_vaa",4.93776,"NWIS field measurements"
"nwis_01658000","nwis_01658000",4529099,4529099,"02",143.4942,"NHDV2_vaa",15.0876,"NWIS field measurements"
"nwis_0166818623","nwis_0166818623",8476452,8476452,"02",37.4094,"NHDV2_vaa",5.4864,"NWIS field measurements"
"nwis_0166818985","nwis_0166818985",8476832,8476832,"02",79.5483,"NHDV2_vaa",6.15696,"NWIS field measurements"
"nwis_01673000","nwis_01673000",8506380,8506380,"02",2793.7836,"NHDV2_vaa",43.8912,"NWIS field measurements"
"nwis_02035000","nwis_02035000",8575903,8575903,"02",16195.0401,"NHDV2_vaa",191.5668,"NWIS field measurements"
"nwis_02101726","nwis_02101726",8869974,8869974,"03N",180.0468,"NHDV2_vaa",9.63168,"NWIS field measurements"
"nwis_02110400","nwis_02110400",9069012,9069012,"03N",131.8824,"NHDV2_vaa",13.76172,"NWIS field measurements"
"nwis_02110500","nwis_02110500",9069040,9069040,"03N",2913.2001,"NHDV2_vaa",29.90088,"NWIS field measurements"
"nwis_02110550","nwis_02110550",9069104,9069104,"03N",3263.1192,"NHDV2_vaa",44.196,"NWIS field measurements"
"nwis_02110701","nwis_02110701",9071598,9071598,"03N",45.7812,"NHDV2_vaa",19.24812,"NWIS field measurements"
"nwis_02110704","nwis_02110704",9071758,9071758,"03N",3722.4243,"NHDV2_vaa",60.6552,"NWIS field measurements"
"nwis_0212378405","nwis_0212378405",9211976,9211976,"03N",12058.6509,"NHDV2_vaa",229.0572,"NWIS field measurements"
"nwis_02135000","nwis_02135000",9114416,9114416,"03N",7263.2772,"NHDV2_vaa",76.962,"NWIS field measurements"
"nwis_02148315","nwis_02148315",9721817,9721817,"03N",14377.3011,"NHDV2_vaa",71.628,"NWIS field measurements"
"nwis_02156500","nwis_02156500",9705130,9705130,"03N",7200.0846,"NHDV2_vaa",113.0808,"NWIS field measurements"
"nwis_02160105","nwis_02160105",9698941,9698941,"03N",1968.6042,"NHDV2_vaa",37.1856,"NWIS field measurements"
"nwis_02160700","nwis_02160700",9691190,9691190,"03N",1152.5805,"NHDV2_vaa",32.4612,"NWIS field measurements"
"nwis_02162035","nwis_02162035",9707984,9707984,"03N",13544.7795,"NHDV2_vaa",227.3808,"NWIS field measurements"
"nwis_02168504","nwis_02168504",9869858,9869858,"03N",6295.8924,"NHDV2_vaa",78.0288,"NWIS field measurements"
"nwis_02169000","nwis_02169000",9869898,9869898,"03N",6550.1973,"NHDV2_vaa",97.2312,"NWIS field measurements"
"nwis_02171645","nwis_02171645",9660548,9660548,"03N",13.2597,"NHDV2_vaa",109.728,"NWIS field measurements"
"nwis_02203655","nwis_02203655",6333720,6333720,"03S",60.1155,"NHDV2_vaa",7.19328,"NWIS field measurements"
"nwis_02203700","nwis_02203700",6334126,6334126,"03S",28.3779,"NHDV2_vaa",3.74904,"NWIS field measurements"
"nwis_02203863","nwis_02203863",6334112,6334112,"03S",22.9464,"NHDV2_vaa",5.5626,"NWIS field measurements"
"nwis_02203900","nwis_02203900",6333752,6333752,"03S",260.1513,"NHDV2_vaa",17.6022,"NWIS field measurements"
"nwis_02203950","nwis_02203950",6334110,6334110,"03S",44.3889,"NHDV2_vaa",7.51332,"NWIS field measurements"
"nwis_02203960","nwis_02203960",6333710,6333710,"03S",89.0361,"NHDV2_vaa",12.192,"NWIS field measurements"
"nwis_02204037","nwis_02204037",6333794,6333794,"03S",46.7703,"NHDV2_vaa",7.4676,"NWIS field measurements"
"nwis_02207135","nwis_02207135",6333488,6333488,"03S",6.2883,"NHDV2_vaa",6.52272,"NWIS field measurements"
"nwis_02207160","nwis_02207160",6333546,6333546,"03S",74.376,"NHDV2_vaa",9.8298,"NWIS field measurements"
"nwis_02208450","nwis_02208450",6331754,6331754,"03S",481.4415,"NHDV2_vaa",19.05,"NWIS field measurements"
"nwis_02208493","nwis_02208493",6331758,6331758,"03S",71.5572,"NHDV2_vaa",10.60704,"NWIS field measurements"
"nwis_02217643","nwis_02217643",1047417,1047417,"03S",7.9182,"NHDV2_vaa",3.6576,"NWIS field measurements"
"nwis_02234000","nwis_02234000",10997905,10997905,"03S",5428.2321,"NHDV2_vaa",95.5548,"NWIS field measurements"
"nwis_02234500","nwis_02234500",11033091,11033091,"03S",6852.3237,"NHDV2_vaa",148.4376,"NWIS field measurements"
"nwis_02235500","nwis_02235500",10995987,10995987,"03S",0.3834,"NHDV2_vaa",26.5176,"NWIS field measurements"
"nwis_02236000","nwis_02236000",10989245,10989245,"03S",8094.5199,"NHDV2_vaa",108.8136,"NWIS field measurements"
"nwis_02236125","nwis_02236125",10989141,10989141,"03S",8793.4203,"NHDV2_vaa",123.444,"NWIS field measurements"
"nwis_02244040","nwis_02244040",16665219,16665219,"03S",15055.2594,"NHDV2_vaa",259.842,"NWIS field measurements"
"nwis_02245260","nwis_02245260",16663809,16663809,"03S",129.8214,"NHDV2_vaa",24.09444,"NWIS field measurements"
"nwis_02264000","nwis_02264000",21478144,21478144,"03S",0.8181,"NHDV2_vaa",4.73964,"NWIS field measurements"
"nwis_02264100","nwis_02264100",21477692,21477692,"03S",165.7647,"NHDV2_vaa",19.84248,"NWIS field measurements"
"nwis_02266200","nwis_02266200",21477644,21477644,"03S",36.4185,"NHDV2_vaa",2.8194,"NWIS field measurements"
"nwis_02266300","nwis_02266300",21478176,21478176,"03S",202.3632,"NHDV2_vaa",10.34796,"NWIS field measurements"
"nwis_02319302","nwis_02319302",166758629,166758629,"03S",5659.0614,"NHDV2_vaa",17.16024,"NWIS field measurements"
"nwis_02320250","nwis_02320250",2229745,2229745,"03S",18402.8166,"NHDV2_vaa",39.624,"NWIS field measurements"
"nwis_02322688","nwis_02322688",2161388,2161388,"03S",1.4157,"NHDV2_vaa",25.20696,"NWIS field measurements"
"nwis_02323502","nwis_02323502",2232713,2232713,"03S",22941.7506,"NHDV2_vaa",19.01952,"NWIS field measurements"
"nwis_02323566","nwis_02323566",933110050,933110050,"03S",23159.3112,"NHDV2_vaa",25.7556,"NWIS field measurements"
"nwis_02336120","nwis_02336120",2047971,2047971,"03W",91.7865,"NHDV2_vaa",9.6012,"NWIS field measurements"
"nwis_02336152","nwis_02336152",2048083,2048083,"03W",23.1111,"NHDV2_vaa",5.7912,"NWIS field measurements"
"nwis_023362095","nwis_023362095",2048005,2048005,"03W",13.1274,"NHDV2_vaa",7.0104,"NWIS field measurements"
"nwis_02336240","nwis_02336240",2048013,2048013,"03W",77.5998,"NHDV2_vaa",8.0772,"NWIS field measurements"
"nwis_02336300","nwis_02336300",2047989,2047989,"03W",225.1332,"NHDV2_vaa",12.7254,"NWIS field measurements"
"nwis_02336313","nwis_02336313",2048017,2048017,"03W",7.3863,"NHDV2_vaa",4.2672,"NWIS field measurements"
"nwis_02336340","nwis_02336340",2047893,2047893,"03W",59.9652,"NHDV2_vaa",6.91896,"NWIS field measurements"
"nwis_02336360","nwis_02336360",2047911,2047911,"03W",72.5931,"NHDV2_vaa",11.2776,"NWIS field measurements"
"nwis_02336410","nwis_02336410",2047963,2047963,"03W",97.2531,"NHDV2_vaa",7.1628,"NWIS field measurements"
"nwis_02336526","nwis_02336526",3285608,3285608,"03W",40.7646,"NHDV2_vaa",6.90372,"NWIS field measurements"
"nwis_02336728","nwis_02336728",3285770,3285770,"03W",90.4554,"NHDV2_vaa",9.7536,"NWIS field measurements"
"nwis_02337170","nwis_02337170",3286494,3286494,"03W",5322.4803,"NHDV2_vaa",72.2376,"NWIS field measurements"
"nwis_023432415","nwis_023432415",2306737,2306737,"03W",19331.0316,"NHDV2_vaa",121.0056,"NWIS field measurements"
"nwis_02344630","nwis_02344630",6415508,6415508,"03W",190.4679,"NHDV2_vaa",7.9248,"NWIS field measurements"
"nwis_02397530","nwis_02397530",15823427,15823427,"03W",11303.4474,"NHDV2_vaa",96.1644,"NWIS field measurements"
"nwis_02492620","nwis_02492620",15714387,15714387,"08",18604.8495,"NHDV2_vaa",58.0644,"NWIS field measurements"
"nwis_03007800","nwis_03007800",8972788,8972788,"05",653.7933,"NHDV2_vaa",33.2232,"NWIS field measurements"
"nwis_03025500","nwis_03025500",10222194,10222194,"05",15446.619,"NHDV2_vaa",174.6504,"NWIS field measurements"
"nwis_03027500","nwis_03027500",6874115,6874115,"05",187.9479,"NHDV2_vaa",27.95016,"NWIS field measurements"
"nwis_03034000","nwis_03034000",4741709,4741709,"05",409.9527,"NHDV2_vaa",30.14472,"NWIS field measurements"
"nwis_03036000","nwis_03036000",166808422,166808422,"05",892.6308,"NHDV2_vaa",46.0248,"NWIS field measurements"
"nwis_03058000","nwis_03058000",3717136,3717136,"05",262.2699,"NHDV2_vaa",27.1272,"NWIS field measurements"
"nwis_03061000","nwis_03061000",3715602,3715602,"05",1961.4141,"NHDV2_vaa",41.148,"NWIS field measurements"
"nwis_03067510","nwis_03067510",3777215,3777215,"05",159.7824,"NHDV2_vaa",26.8224,"NWIS field measurements"
"nwis_03072655","nwis_03072655",3788105,3788105,"05",11549.5992,"NHDV2_vaa",178.6128,"NWIS field measurements"
"nwis_03073000","nwis_03073000",3789647,3789647,"05",467.694,"NHDV2_vaa",22.92096,"NWIS field measurements"
"nwis_03075070","nwis_03075070",3785895,3785895,"05",13832.3448,"NHDV2_vaa",234.0864,"NWIS field measurements"
"nwis_03081000","nwis_03081000",3809023,3809023,"05",2661.6204,"NHDV2_vaa",88.392,"NWIS field measurements"
"nwis_03083500","nwis_03083500",3806147,3806147,"05",4434.8382,"NHDV2_vaa",115.5192,"NWIS field measurements"
"nwis_03098600","nwis_03098600",13153643,13153643,"05",2533.0041,"NHDV2_vaa",39.0144,"NWIS field measurements"
"nwis_03105500","nwis_03105500",19464300,19464300,"05",5807.0709,"NHDV2_vaa",79.5528,"NWIS field measurements"
"nwis_03106000","nwis_03106000",10926401,10926401,"05",922.4334,"NHDV2_vaa",40.5384,"NWIS field measurements"
"nwis_03121850","nwis_03121850",19389922,19389922,"05",36.1134,"NHDV2_vaa",6.00456,"NWIS field measurements"
"nwis_03183500","nwis_03183500",12107522,12107522,"05",3297.8241,"NHDV2_vaa",99.3648,"NWIS field measurements"
"nwis_03219500","nwis_03219500",5215353,5215353,"05",1467.972,"NHDV2_vaa",37.6428,"NWIS field measurements"
"nwis_03228300","nwis_03228300",5213097,5213097,"05",262.1826,"NHDV2_vaa",14.0208,"NWIS field measurements"
"nwis_03255349","nwis_03255349",3404925,3404925,"05",144.7713,"NHDV2_vaa",12.4968,"NWIS field measurements"
"nwis_03259757","nwis_03259757",3405231,3405231,"05",21.0168,"NHDV2_vaa",4.7244,"NWIS field measurements"
"nwis_03259813","nwis_03259813",3405231,3405231,"05",21.0168,"NHDV2_vaa",3.6576,"NWIS field measurements"
"nwis_03289200","nwis_03289200",1825492,1825492,"05",95.3703,"NHDV2_vaa",13.04544,"NWIS field measurements"
"nwis_03292470","nwis_03292470",10163598,10163598,"05",186.6744,"NHDV2_vaa",19.812,"NWIS field measurements"
"nwis_03292474","nwis_03292474",10163710,10163710,"05",29.5047,"NHDV2_vaa",5.7912,"NWIS field measurements"
"nwis_03292475","nwis_03292475",10163710,10163710,"05",29.5047,"NHDV2_vaa",10.0584,"NWIS field measurements"
"nwis_03292480","nwis_03292480",10163686,10163686,"05",17.0424,"NHDV2_vaa",5.66928,"NWIS field measurements"
"nwis_03293000","nwis_03293000",10163884,10163884,"05",66.2274,"NHDV2_vaa",10.668,"NWIS field measurements"
"nwis_03293500","nwis_03293500",10163884,10163884,"05",66.2274,"NHDV2_vaa",7.43712,"NWIS field measurements"
"nwis_03293530","nwis_03293530",10163728,10163728,"05",18.9333,"NHDV2_vaa",5.1816,"NWIS field measurements"
"nwis_03294570","nwis_03294570",10163798,10163798,"05",42.0444,"NHDV2_vaa",7.13232,"NWIS field measurements"
"nwis_03297900","nwis_03297900",10263816,10263816,"05",207.4167,"NHDV2_vaa",18.9738,"NWIS field measurements"
"nwis_03298000","nwis_03298000",10264510,10264510,"05",361.08,"NHDV2_vaa",17.9832,"NWIS field measurements"
"nwis_03298135","nwis_03298135",10264014,10264014,"05",30.0168,"NHDV2_vaa",8.8392,"NWIS field measurements"
"nwis_03298150","nwis_03298150",10264014,10264014,"05",30.0168,"NHDV2_vaa",10.668,"NWIS field measurements"
"nwis_03298200","nwis_03298200",10264174,10264164,"05",544.9005,"NHDV2_vaa",16.9164,"NWIS field measurements"
"nwis_03298250","nwis_03298250",10264224,10264224,"05",35.2125,"NHDV2_vaa",9.03732,"NWIS field measurements"
"nwis_03298300","nwis_03298300",10264216,10264216,"05",21.7242,"NHDV2_vaa",8.6868,"NWIS field measurements"
"nwis_03301900","nwis_03301900",10264004,10264004,"05",9.1566,"NHDV2_vaa",4.572,"NWIS field measurements"
"nwis_03301940","nwis_03301940",10264038,10264038,"05",29.6721,"NHDV2_vaa",5.60832,"NWIS field measurements"
"nwis_03302000","nwis_03302000",10264532,10264532,"05",166.9086,"NHDV2_vaa",13.04544,"NWIS field measurements"
"nwis_03302030","nwis_03302030",10264270,10264270,"05",216.2763,"NHDV2_vaa",11.2014,"NWIS field measurements"
"nwis_03302050","nwis_03302050",10264274,10264274,"05",12.7719,"NHDV2_vaa",3.81,"NWIS field measurements"
"nwis_03321500","nwis_03321500",11619101,11619101,"05",22657.4379,"NHDV2_vaa",139.5984,"NWIS field measurements"
"nwis_03339000","nwis_03339000",10080962,10080962,"05",3340.3536,"NHDV2_vaa",49.8348,"NWIS field measurements"
"nwis_03346500","nwis_03346500",10339414,10339414,"05",6083.8605,"NHDV2_vaa",48.6156,"NWIS field measurements"
"nwis_03353200","nwis_03353200",18476775,18476775,"05",284.1741,"NHDV2_vaa",19.5072,"NWIS field measurements"
"nwis_03353420","nwis_03353420",18476787,18476787,"05",21.1194,"NHDV2_vaa",4.4958,"NWIS field measurements"
"nwis_03374100","nwis_03374100",18471310,18471310,"05",29069.028,"NHDV2_vaa",133.9596,"NWIS field measurements"
"nwis_03408500","nwis_03408500",12154450,12154450,"05",998.1612,"NHDV2_vaa",28.0416,"NWIS field measurements"
"nwis_03409500","nwis_03409500",12154278,12154278,"05",706.6737,"NHDV2_vaa",30.9372,"NWIS field measurements"
"nwis_03430200","nwis_03430200",18401497,18401497,"05",2364.606,"NHDV2_vaa",42.672,"NWIS field measurements"
"nwis_03460795","nwis_03460795",22151067,22151067,"06",1392.1812,"NHDV2_vaa",39.0144,"NWIS field measurements"
"nwis_03512000","nwis_03512000",19730510,19730510,"06",476.5311,"NHDV2_vaa",40.8432,"NWIS field measurements"
"nwis_03538830","nwis_03538830",19710659,19710659,"06",237.4146,"NHDV2_vaa",25.4508,"NWIS field measurements"
"nwis_03539600","nwis_03539600",19711775,19711775,"06",362.6964,"NHDV2_vaa",26.8224,"NWIS field measurements"
"nwis_03539778","nwis_03539778",19710283,19710283,"06",443.9484,"NHDV2_vaa",9.9822,"NWIS field measurements"
"nwis_03597860","nwis_03597860",19533702,19533702,"06",1108.5246,"NHDV2_vaa",16.6116,"NWIS field measurements"
"nwis_04024000","nwis_04024000",1777616,1777616,"04",8893.246,"NHDV2_vaa",127.1016,"NWIS field measurements"
"nwis_04027000","nwis_04027000",1815879,1815879,"04",1549.225,"NHDV2_vaa",41.4528,"NWIS field measurements"
"nwis_04040000","nwis_04040000",11947215,11947215,"04",3471.178,"NHDV2_vaa",27.1272,"NWIS field measurements"
"nwis_04059500","nwis_04059500",6860182,6860182,"04",1166.35,"NHDV2_vaa",28.3464,"NWIS field measurements"
"nwis_04067500","nwis_04067500",6848607,6848607,"04",10148.337,"NHDV2_vaa",117.0432,"NWIS field measurements"
"nwis_04085108","nwis_04085108",12005979,12005979,"04",129.127,"NHDV2_vaa",4.99872,"NWIS field measurements"
"nwis_040851385","nwis_040851385",12005077,12005077,"04",16642.654,"NHDV2_vaa",168.402,"NWIS field measurements"
"nwis_04087050","nwis_04087050",12163800,12163800,"04",21.282,"NHDV2_vaa",3.85572,"NWIS field measurements"
"nwis_04087119","nwis_04087119",12163888,12163888,"04",27.741,"NHDV2_vaa",5.05968,"NWIS field measurements"
"nwis_040871488","nwis_040871488",12164306,12164306,"04",29.642,"NHDV2_vaa",1.6764,"NWIS field measurements"
"nwis_04095090","nwis_04095090",3398496,3398496,"04",858.024,"NHDV2_vaa",32.9184,"NWIS field measurements"
"nwis_04101500","nwis_04101500",12264996,12264996,"04",9654.552,"NHDV2_vaa",76.5048,"NWIS field measurements"
"nwis_04108660","nwis_04108660",3468457,3468457,"04",5120.26,"NHDV2_vaa",63.0936,"NWIS field measurements"
"nwis_04119400","nwis_04119400",9005833,9005833,"04",13730.119,"NHDV2_vaa",156.972,"NWIS field measurements"
"nwis_04121944","nwis_04121944",12134418,12134418,"04",965.547,"NHDV2_vaa",25.6032,"NWIS field measurements"
"nwis_04121970","nwis_04121970",12134842,12134842,"04",6072.844,"NHDV2_vaa",56.388,"NWIS field measurements"
"nwis_04124000","nwis_04124000",12121104,12121104,"04",2242.152,"NHDV2_vaa",37.7952,"NWIS field measurements"
"nwis_04124200","nwis_04124200",12120568,12120568,"04",2544.909,"NHDV2_vaa",39.1668,"NWIS field measurements"
"nwis_04125460","nwis_04125460",12120754,12120754,"04",652.379,"NHDV2_vaa",17.9832,"NWIS field measurements"
"nwis_04125550","nwis_04125550",12121294,12121294,"04",3576.696,"NHDV2_vaa",71.3232,"NWIS field measurements"
"nwis_04136000","nwis_04136000",12952772,12952772,"04",2789.401,"NHDV2_vaa",27.85872,"NWIS field measurements"
"nwis_04136500","nwis_04136500",12952798,12952798,"04",3331.047,"NHDV2_vaa",35.052,"NWIS field measurements"
"nwis_04136900","nwis_04136900",12951528,12951528,"04",3724.935,"NHDV2_vaa",40.5384,"NWIS field measurements"
"nwis_04137005","nwis_04137005",12951570,12951570,"04",3949.732,"NHDV2_vaa",43.2816,"NWIS field measurements"
"nwis_04137500","nwis_04137500",12954040,12954040,"04",4323.812,"NHDV2_vaa",52.578,"NWIS field measurements"
"nwis_04142000","nwis_04142000",12944890,12944890,"04",854.099,"NHDV2_vaa",21.1836,"NWIS field measurements"
"nwis_041482663","nwis_041482663",13019635,13019635,"04",44.678,"NHDV2_vaa",5.7912,"NWIS field measurements"
"nwis_04157005","nwis_04157005",13204437,13204437,"04",15612.57,"NHDV2_vaa",144.4752,"NWIS field measurements"
"nwis_04165500","nwis_04165500",13183066,13183066,"04",1939.963,"NHDV2_vaa",38.862,"NWIS field measurements"
"nwis_04166500","nwis_04166500",10850144,10850144,"04",478.753,"NHDV2_vaa",12.71016,"NWIS field measurements"
"nwis_04167150","nwis_04167150",10850156,10850156,"04",283.033,"NHDV2_vaa",11.5824,"NWIS field measurements"
"nwis_04168400","nwis_04168400",10850162,10850162,"04",234.546,"NHDV2_vaa",13.1064,"NWIS field measurements"
"nwis_04174500","nwis_04174500",13176035,13176035,"04",1930.896,"NHDV2_vaa",36.576,"NWIS field measurements"
"nwis_04176500","nwis_04176500",13229606,13229606,"04",2679.973,"NHDV2_vaa",51.054,"NWIS field measurements"
"nwis_04188496","nwis_04188496",15647198,15647198,"04",130.284,"NHDV2_vaa",8.9916,"NWIS field measurements"
"nwis_04195500","nwis_04195500",15626425,15626425,"04",1101.767,"NHDV2_vaa",34.4424,"NWIS field measurements"
"nwis_04199500","nwis_04199500",15605376,15605376,"04",679.45,"NHDV2_vaa",27.432,"NWIS field measurements"
"nwis_04200500","nwis_04200500",15597503,15597503,"04",1039.275,"NHDV2_vaa",31.0896,"NWIS field measurements"
"nwis_04208000","nwis_04208000",15587072,15587072,"04",1829.21,"NHDV2_vaa",56.8452,"NWIS field measurements"
"nwis_04213152","nwis_04213152",9840538,9840538,"04",97.033,"NHDV2_vaa",11.61288,"NWIS field measurements"
"nwis_04213500","nwis_04213500",15582369,15582369,"04",1129.273,"NHDV2_vaa",37.0332,"NWIS field measurements"
"nwis_04231600","nwis_04231600",15537883,15537883,"04",7423.696,"NHDV2_vaa",114.9096,"NWIS field measurements"
"nwis_04249000","nwis_04249000",21972746,21972746,"04",20699.062,"NHDV2_vaa",73.914,"NWIS field measurements"
"nwis_05054000","nwis_05054000",6667867,6667867,"09",28398.2868,"NHDV2_vaa",47.244,"NWIS field measurements"
"nwis_05057000","nwis_05057000",14269180,14269180,"09",6170.085,"NHDV2_vaa",23.53056,"NWIS field measurements"
"nwis_05057200","nwis_05057200",14269214,14269214,"09",1731.0843,"NHDV2_vaa",7.62,"NWIS field measurements"
"nwis_05082500","nwis_05082500",9398232,9398232,"09",64103.1795,"NHDV2_vaa",76.8096,"NWIS field measurements"
"nwis_05406457","nwis_05406457",13633173,13633173,"07",1.1952,"NHDV2_vaa",5.1816,"NWIS field measurements"
"nwis_05406469","nwis_05406469",13633137,13633137,"07",28.8342,"NHDV2_vaa",4.1148,"NWIS field measurements"
"nwis_05406479","nwis_05406479",13633821,13633821,"07",66.1284,"NHDV2_vaa",7.83336,"NWIS field measurements"
"nwis_05406500","nwis_05406500",13633025,13633025,"07",114.3378,"NHDV2_vaa",10.14984,"NWIS field measurements"
"nwis_05418400","nwis_05418400",13374239,13374239,"07",1302.912,"NHDV2_vaa",33.6804,"NWIS field measurements"
"nwis_05420500","nwis_05420500",14809371,14809371,"07",220066.1037,"NHDV2_vaa",487.68,"NWIS field measurements"
"nwis_05435943","nwis_05435943",13425023,13425023,"07",55.4994,"NHDV2_vaa",5.97408,"NWIS field measurements"
"nwis_05435950","nwis_05435950",13425065,13425065,"07",217.1115,"NHDV2_vaa",11.90244,"NWIS field measurements"
"nwis_05446500","nwis_05446500",10608846,10608846,"07",24761.1447,"NHDV2_vaa",133.5024,"NWIS field measurements"
"nwis_05447500","nwis_05447500",10969489,10969489,"07",2710.7838,"NHDV2_vaa",38.2524,"NWIS field measurements"
"nwis_05451080","nwis_05451080",6570914,6570914,"07",32.121,"NHDV2_vaa",2.5908,"NWIS field measurements"
"nwis_05451210","nwis_05451210",6572160,6572160,"07",582.66,"NHDV2_vaa",19.812,"NWIS field measurements"
"nwis_05515500","nwis_05515500",13433691,13433691,"07",1369.251,"NHDV2_vaa",22.67712,"NWIS field measurements"
"nwis_05518000","nwis_05518000",13438397,13438397,"07",4560.0282,"NHDV2_vaa",59.2836,"NWIS field measurements"
"nwis_05524500","nwis_05524500",13454468,13454468,"07",1160.6769,"NHDV2_vaa",29.337,"NWIS field measurements"
"nwis_05579630","nwis_05579630",13551313,13551313,"07",38.5695,"NHDV2_vaa",4.2672,"NWIS field measurements"
"nwis_05595000","nwis_05595000",13893022,13893022,"07",13464.1467,"NHDV2_vaa",91.8972,"NWIS field measurements"
"nwis_05599490","nwis_05599490",13786642,13786642,"07",5577.8076,"NHDV2_vaa",50.292,"NWIS field measurements"
"nwis_06336000","nwis_06336000",14567692,14567692,"10U",16073.3664,"NHDV2_vaa",32.3088,"NWIS field measurements"
"nwis_06436760","nwis_06436760",5453388,5453388,"10U",1196.2665,"NHDV2_vaa",7.7724,"NWIS field measurements"
"nwis_06461500","nwis_06461500",16031404,16031404,"10U",16113.0312,"NHDV2_vaa",44.5008,"NWIS field measurements"
"nwis_06465500","nwis_06465500",11645823,11645823,"10U",27423.8073,"NHDV2_vaa",207.8736,"NWIS field measurements"
"nwis_06478522","nwis_06478522",11759050,11759050,"10U",1183.4793,"NHDV2_vaa",22.86,"NWIS field measurements"
"nwis_06670500","nwis_06670500",17483383,17483383,"10L",11678.1102,"NHDV2_vaa",18.45564,"NWIS field measurements"
"nwis_06711565","nwis_06711565",194423,194423,"10L",8780.6574,"NHDV2_vaa",36.2712,"NWIS field measurements"
"nwis_06795500","nwis_06795500",17421926,17421926,"10L",34076.8305,"NHDV2_vaa",6.4008,"NWIS field measurements"
"nwis_06800500","nwis_06800500",24750511,24750511,"10L",17445.7008,"NHDV2_vaa",72.39,"NWIS field measurements"
"nwis_06805500","nwis_06805500",17416036,17416032,"10L",210860.2503,"NHDV2_vaa",341.376,"NWIS field measurements"
"nwis_06818000","nwis_06818000",2252949,2252949,"10L",1020851.7597,"NHDV2_vaa",240.792,"NWIS field measurements"
"nwis_06892513","nwis_06892513",3727673,3727673,"10L",151.2882,"NHDV2_vaa",12.37488,"NWIS field measurements"
"nwis_06893300","nwis_06893300",4392793,4392793,"10L",68.9346,"NHDV2_vaa",14.26464,"NWIS field measurements"
"nwis_06893350","nwis_06893350",4392993,4392993,"10L",54.0288,"NHDV2_vaa",10.14984,"NWIS field measurements"
"nwis_06893620","nwis_06893620",4390605,4390605,"10L",25.2036,"NHDV2_vaa",2.54508,"NWIS field measurements"
"nwis_06893820","nwis_06893820",4390909,4390909,"10L",257.1066,"NHDV2_vaa",6.33984,"NWIS field measurements"
"nwis_06893890","nwis_06893890",4390979,4390979,"10L",90.4986,"NHDV2_vaa",7.9248,"NWIS field measurements"
"nwis_06893970","nwis_06893970",4390589,4390589,"10L",22.1121,"NHDV2_vaa",3.81,"NWIS field measurements"
"nwis_06894000","nwis_06894000",4391187,4391187,"10L",480.4416,"NHDV2_vaa",9.93648,"NWIS field measurements"
"nwis_06934500","nwis_06934500",6013072,6013072,"10L",1277917.9452,"NHDV2_vaa",405.384,"NWIS field measurements"
"nwis_07048600","nwis_07048600",8590894,8590894,"11",1037.4498,"NHDV2_vaa",29.8704,"NWIS field measurements"
"nwis_07061270","nwis_07061270",7665728,7665728,"11",135.5463,"NHDV2_vaa",20.4216,"NWIS field measurements"
"nwis_07061290","nwis_07061290",7666946,7666946,"11",226.7964,"NHDV2_vaa",13.4112,"NWIS field measurements"
"nwis_07075250","nwis_07075250",11777377,11777377,"11",120.7278,"NHDV2_vaa",14.1732,"NWIS field measurements"
"nwis_07075270","nwis_07075270",11777215,11777215,"11",193.8231,"NHDV2_vaa",27.432,"NWIS field measurements"
"nwis_07106000","nwis_07106000",1530529,1530529,"11",1761.8454,"NHDV2_vaa",21.4122,"NWIS field measurements"
"nwis_07109500","nwis_07109500",952589,952589,"11",16199.0163,"NHDV2_vaa",34.7472,"NWIS field measurements"
"nwis_07143672","nwis_07143672",21176300,21176300,"11",1996.9776,"NHDV2_vaa",14.3256,"NWIS field measurements"
"nwis_07144100","nwis_07144100",21177172,21177172,"11",3242.6244,"NHDV2_vaa",17.3736,"NWIS field measurements"
"nwis_07164500","nwis_07164500",369211,369211,"11",217697.121,"NHDV2_vaa",89.0016,"NWIS field measurements"
"nwis_07177500","nwis_07177500",847292,847292,"11",2361.6396,"NHDV2_vaa",32.3088,"NWIS field measurements"
"nwis_07178200","nwis_07178200",847450,847450,"11",2944.8333,"NHDV2_vaa",31.0896,"NWIS field measurements"
"nwis_071912213","nwis_071912213",21771121,21771121,"11",423.6201,"NHDV2_vaa",25.6032,"NWIS field measurements"
"nwis_07191222","nwis_07191222",21770993,21770993,"11",153.1476,"NHDV2_vaa",10.4394,"NWIS field measurements"
"nwis_07198000","nwis_07198000",402478,402478,"11",4183.7373,"NHDV2_vaa",22.4028,"NWIS field measurements"
"nwis_07239450","nwis_07239450",391180,391180,"11",34031.3481,"NHDV2_vaa",13.1064,"NWIS field measurements"
"nwis_07241000","nwis_07241000",393414,393414,"11",34680.8133,"NHDV2_vaa",13.4112,"NWIS field measurements"
"nwis_07241520","nwis_07241520",414275,414275,"11",35187.444,"NHDV2_vaa",24.384,"NWIS field measurements"
"nwis_07241550","nwis_07241550",414203,414203,"11",35397.9063,"NHDV2_vaa",29.5656,"NWIS field measurements"
"nwis_07263296","nwis_07263296",22846155,22846155,"11",190.035,"NHDV2_vaa",21.12264,"NWIS field measurements"
"nwis_072632966","nwis_072632966",22848005,22848005,"11",232.2477,"NHDV2_vaa",39.0144,"NWIS field measurements"
"nwis_07332620","nwis_07332620",8348635,8348635,"11",761.409,"NHDV2_vaa",9.20496,"NWIS field measurements"
"nwis_07332622","nwis_07332622",8348819,8348819,"11",968.1291,"NHDV2_vaa",13.67028,"NWIS field measurements"
"nwis_07374000","nwis_07374000",19088319,19088319,"08",2880681.8643,"NHDV2_vaa",886.968,"NWIS field measurements"
"nwis_07381600","nwis_07381600",15182073,15182073,"08",245067.06,"Appling2018_USGS2013",545.592,"NWIS field measurements"
"nwis_08048000","nwis_08048000",1268410,1268410,"12",6742.2924,"NHDV2_vaa",65.2272,"NWIS field measurements"
"nwis_08049500","nwis_08049500",1269868,1269868,"12",7910.3178,"NHDV2_vaa",21.336,"NWIS field measurements"
"nwis_08052700","nwis_08052700",1278534,1278534,"12",193.1067,"NHDV2_vaa",3.3528,"NWIS field measurements"
"nwis_08052745","nwis_08052745",1278616,1278616,"12",112.0527,"NHDV2_vaa",10.8204,"NWIS field measurements"
"nwis_08057000","nwis_08057000",942030011,942030011,"12",15795.8136,"NHDV2_vaa",46.9392,"NWIS field measurements"
"nwis_08057410","nwis_08057410",1260375,1260375,"12",16253.3556,"NHDV2_vaa",58.3692,"NWIS field measurements"
"nwis_08062500","nwis_08062500",1262531,1262531,"12",21054.3939,"NHDV2_vaa",39.9288,"NWIS field measurements"
"nwis_08065350","nwis_08065350",1484774,1484774,"12",35961.7032,"NHDV2_vaa",78.9432,"NWIS field measurements"
"nwis_08068000","nwis_08068000",1468280,1468280,"12",2147.0526,"NHDV2_vaa",13.59408,"NWIS field measurements"
"nwis_08068500","nwis_08068500",1508043,1508043,"12",1052.3493,"NHDV2_vaa",16.97736,"NWIS field measurements"
"nwis_08070200","nwis_08070200",1520083,1520083,"12",1019.8422,"NHDV2_vaa",14.9352,"NWIS field measurements"
"nwis_08155500","nwis_08155500",5781893,5781893,"12",311.0211,"NHDV2_vaa",28.17876,"NWIS field measurements"
"nwis_08171290","nwis_08171290",1629555,1629555,"12",1016.8686,"NHDV2_vaa",22.4028,"NWIS field measurements"
"nwis_08180700","nwis_08180700",10835974,10835974,"12",2232.6813,"NHDV2_vaa",8.5344,"NWIS field measurements"
"nwis_08181500","nwis_08181500",10836092,10836092,"12",3366.8559,"NHDV2_vaa",12.8778,"NWIS field measurements"
"nwis_08181800","nwis_08181800",10840572,10840572,"12",4528.7082,"NHDV2_vaa",14.1732,"NWIS field measurements"
"nwis_08188060","nwis_08188060",3839167,3839167,"12",9215.424,"NHDV2_vaa",17.86128,"NWIS field measurements"
"nwis_08211200","nwis_08211200",3171770,3171770,"12",43043.1399,"NHDV2_vaa",18.2118,"NWIS field measurements"
"nwis_08317400","nwis_08317400",17834678,17834678,"13",29246.517,"NHDV2_vaa",59.7408,"NWIS field measurements"
"nwis_08374550","nwis_08374550",291639,291639,"13",170869.8213,"NHDV2_vaa",18.8976,"NWIS field measurements"
"nwis_08375300","nwis_08375300",291801,291801,"13",183080.9457,"NHDV2_vaa",56.0832,"NWIS field measurements"
"nwis_08412500","nwis_08412500",3210721,3210721,"13",51965.7795,"NHDV2_vaa",12.4968,"NWIS field measurements"
"nwis_08437710","nwis_08437710",3212475,3212475,"13",71380.2285,"NHDV2_vaa",5.0292,"NWIS field measurements"
"nwis_08446500","nwis_08446500",3213331,3213331,"13",74314.0368,"NHDV2_vaa",9.18972,"NWIS field measurements"
"nwis_08447000","nwis_08447000",332712,332712,"13",83075.6745,"NHDV2_vaa",8.382,"NWIS field measurements"
"nwis_08447300","nwis_08447300",333056,333056,"13",86919.1695,"NHDV2_vaa",21.6408,"NWIS field measurements"
"nwis_09041400","nwis_09041400",1231609,1231609,"14",700.2801,"NHDV2_vaa",8.5344,"NWIS field measurements"
"nwis_09326500","nwis_09326500",4877531,4877531,"14",359.946,"NHDV2_vaa",6.87324,"NWIS field measurements"
"nwis_09327000","nwis_09327000",4876845,4876845,"14",409.5468,"NHDV2_vaa",5.36448,"NWIS field measurements"
"nwis_09406000","nwis_09406000",10023916,10023916,"15",2389.8132,"NHDV2_vaa",12.954,"NWIS field measurements"
"nwis_10129900","nwis_10129900",10093082,10093082,"16",67.9239,"NHDV2_vaa",2.10312,"NWIS field measurements"
"nwis_10133650","nwis_10133650",10276856,10276856,"16",89.8947,"NHDV2_vaa",6.00456,"NWIS field measurements"
"nwis_10133800","nwis_10133800",10276836,10276836,"16",152.7417,"NHDV2_vaa",5.24256,"NWIS field measurements"
"nwis_10133980","nwis_10133980",10276712,10276712,"16",285.507,"NHDV2_vaa",7.62,"NWIS field measurements"
"nwis_11044000","nwis_11044000",22549075,22549075,"18",1495.233,"NHDV2_vaa",3.9624,"NWIS field measurements"
"nwis_11126000","nwis_11126000",17611567,17610189,"18",1090.4913,"NHDV2_vaa",3.2004,"NWIS field measurements"
"nwis_11128500","nwis_11128500",17609015,17609015,"18",1468.0305,"NHDV2_vaa",5.0292,"NWIS field measurements"
"nwis_11273400","nwis_11273400",2829236,2829236,"18",25803.4482,"NHDV2_vaa",34.8996,"NWIS field measurements"
"nwis_11285500","nwis_11285500",17078299,17078299,"18",3281.6637,"NHDV2_vaa",27.18816,"NWIS field measurements"
"nwis_11447650","nwis_11447650",15048349,15048349,"18",59572.5345,"NHDV2_vaa",183.4896,"NWIS field measurements"
"nwis_11447830","nwis_11447830",15059759,15059759,"18",60080.8482,"NHDV2_vaa",59.1312,"NWIS field measurements"
"nwis_11447850","nwis_11447850",15059771,15059771,"18",60152.0958,"NHDV2_vaa",70.7136,"NWIS field measurements"
"nwis_11447890","nwis_11447890",15059765,15059765,"18",60123.7683,"NHDV2_vaa",107.8992,"NWIS field measurements"
"nwis_11455165","nwis_11455165",948020360,948020360,"18",60096.5208,"NHDV2_vaa",67.3608,"NWIS field measurements"
"nwis_11462500","nwis_11462500",8269119,8269119,"18",952.3881,"NHDV2_vaa",27.5844,"NWIS field measurements"
"nwis_11463000","nwis_11463000",8271445,8271445,"18",1308.3894,"NHDV2_vaa",15.5448,"NWIS field measurements"
"nwis_11463682","nwis_11463682",8272211,8272211,"18",1774.0458,"NHDV2_vaa",22.05228,"NWIS field measurements"
"nwis_11463980","nwis_11463980",8272297,8272297,"18",2048.6817,"NHDV2_vaa",31.0896,"NWIS field measurements"
"nwis_11465240","nwis_11465240",8272227,8272227,"18",454.5657,"NHDV2_vaa",13.01496,"NWIS field measurements"
"nwis_11467000","nwis_11467000",8272725,8272725,"18",3465.3924,"NHDV2_vaa",17.8308,"NWIS field measurements"
"nwis_12100490","nwis_12100490",23981235,23981235,"17",1229.4333,"NHDV2_vaa",46.9392,"NWIS field measurements"
"nwis_12101100","nwis_12101100",23981225,23982435,"17",0.49,"Appling2018_StreamStats",17.9832,"NWIS field measurements"
"nwis_12102075","nwis_12102075",23981667,23981667,"17",57.2706,"NHDV2_vaa",5.1816,"NWIS field measurements"
"nwis_13013650","nwis_13013650",23123131,23123131,"17",4359.6531,"NHDV2_vaa",73.4568,"NWIS field measurements"
"nwis_13173600","nwis_13173600",23299878,23299878,"17",81619.0389,"NHDV2_vaa",177.2412,"NWIS field measurements"
"nwis_13206400","nwis_13206400",23398795,23400535,"17",35.83,"Appling2018_StreamStats",3.09372,"NWIS field measurements"
"nwis_13207500","nwis_13207500",23402329,23402329,"17",168.5223,"NHDV2_vaa",2.37744,"NWIS field measurements"
"nwis_13213000","nwis_13213000",23398297,23398297,"17",10103.4306,"NHDV2_vaa",41.148,"NWIS field measurements"
"nwis_13213100","nwis_13213100",23409945,23409945,"17",119060.6436,"NHDV2_vaa",167.3352,"NWIS field measurements"
"nwis_14151000","nwis_14151000",23752598,23752598,"17",489.123,"NHDV2_vaa",28.48356,"NWIS field measurements"
"nwis_14162500","nwis_14162500",23772909,23772909,"17",2341.0233,"NHDV2_vaa",85.9536,"NWIS field measurements"
"nwis_14182500","nwis_14182500",23780805,23780805,"17",292.4532,"NHDV2_vaa",31.3944,"NWIS field measurements"
"nwis_14202650","nwis_14202650",23805858,23805136,"17",35.9136,"NHDV2_vaa",10.18032,"NWIS field measurements"
"nwis_14206950","nwis_14206950",23805270,23805270,"17",82.1421,"NHDV2_vaa",6.2484,"NWIS field measurements"
"nwis_14210000","nwis_14210000",23809080,23809080,"17",1770.4575,"NHDV2_vaa",55.1688,"NWIS field measurements"
"nwis_14211010","nwis_14211010",23809000,23809000,"17",2441.6514,"NHDV2_vaa",65.2272,"NWIS field measurements"
"nwis_14211720","nwis_14211720",23815040,23815040,"17",28921.6503,"NHDV2_vaa",242.4684,"NWIS field measurements"
"nwis_14301500","nwis_14301500",23875925,23875925,"17",420.5484,"NHDV2_vaa",47.244,"NWIS field measurements"
"nwis_14302480","nwis_14302480",23875839,23875839,"17",377.5473,"NHDV2_vaa",34.1376,"NWIS field measurements"
"nwis_385446094430700","nwis_385446094430700",4392935,4392935,"10L",39.1941,"NHDV2_vaa",5.9436,"NWIS field measurements"
"nwis_385520094420000","nwis_385520094420000",4392905,4392905,"10L",43.6005,"NHDV2_vaa",10.668,"NWIS field measurements"
"nwis_385608094380300","nwis_385608094380300",4392849,4392849,"10L",98.7822,"NHDV2_vaa",14.29512,"NWIS field measurements"
"nwis_411955088280601","nwis_411955088280601",14779396,14779396,"07",143.8713,"NHDV2_vaa",10.1597442100535,"Regional geomorphic scaling coeff"
"AZ_LV","nwis_09511300",20440142,20440142,"15",15862.6494,"NHDV2_vaa",20.1168,"NWIS field measurements"
"AZ_MV","nwis_09506000",20436170,20436170,"15",11680.839,"NHDV2_vaa",27.1272,"NWIS field measurements"
"AZ_OC","nwis_09504420",20453378,20453378,"15",603.3501,"NHDV2_vaa",19.59864,"NWIS field measurements"
"AZ_SC","nwis_09510200",20440650,20440650,"15",272.7927,"NHDV2_vaa",7.68096,"NWIS field measurements"
"AZ_WB","nwis_09505200",20454582,20454582,"15",299.718,"NHDV2_vaa",8.80872,"NWIS field measurements"
"CO_Alpine2",NA,1238245,1238245,"14",48.7332,"NHDV2_vaa",3.4239831289665,"Regional geomorphic scaling coeff"
"CO_Alpine3",NA,5241110,5241110,"10L",12.3543,"NHDV2_vaa",2.26226575254234,"Regional geomorphic scaling coeff"
"CO_Cameo1",NA,3179476,3179476,"14",20612.0565,"NHDV2_vaa",63.1548165982443,"Regional geomorphic scaling coeff"
"CO_Cameo2",NA,3179938,3179938,"14",20644.5195,"NHDV2_vaa",63.2027395759063,"Regional geomorphic scaling coeff"
"CO_Forest1",NA,1238161,1238161,"14",3.8691,"NHDV2_vaa",1.00978286782474,"Regional geomorphic scaling coeff"
"CO_Forest2",NA,1238141,1238141,"14",91.377,"NHDV2_vaa",4.63578604381567,"Regional geomorphic scaling coeff"
"CO_Forest4",NA,11715511,11715511,"10L",195.4764,"NHDV2_vaa",6.78977752310416,"Regional geomorphic scaling coeff"
"CO_Forestsite",NA,1238529,1238529,"14",22.9473,"NHDV2_vaa",2.38162087365596,"Regional geomorphic scaling coeff"
"CO_Meadow1",NA,1238141,1238141,"14",91.377,"NHDV2_vaa",4.63578604381567,"Regional geomorphic scaling coeff"
"CO_Wfresdown",NA,1232803,1232803,"14",600.1245,"NHDV2_vaa",11.4845064008425,"Regional geomorphic scaling coeff"
"CO_Wfresdown1",NA,1232803,1232803,"14",600.1245,"NHDV2_vaa",11.4845064008425,"Regional geomorphic scaling coeff"
"CO_Wfresdown5",NA,226793,226793,"10L",5.3379,"NHDV2_vaa",1.61991949700958,"Regional geomorphic scaling coeff"
"CO_Wfresup","nwis_09037500",1236675,1236675,"14",476.9298,"NHDV2_vaa",9.906,"NWIS field measurements"
"CO_Wfresup2",NA,1236741,1236741,"14",2.3805,"NHDV2_vaa",0.799013405097645,"Regional geomorphic scaling coeff"
"CO_WindyGap1",NA,1234225,1234225,"14",2033.4465,"NHDV2_vaa",20.6808405303127,"Regional geomorphic scaling coeff"
"CO_WindyGap2",NA,1234361,1234361,"14",6.0669,"NHDV2_vaa",1.25426705539157,"Regional geomorphic scaling coeff"
"CT_BUNN","nwis_01188000",6109247,6109247,"01",10.5084,"NHDV2_vaa",2.9718,"NWIS field measurements"
"CT_FARM","nwis_01189995",6109717,6109717,"01",1492.9416,"NHDV2_vaa",62.1792,"NWIS field measurements"
"CT_HUBB","nwis_01187300",6105951,6105951,"01",54.0963,"NHDV2_vaa",8.5344,"NWIS field measurements"
"CT_STIL","nwis_01186500",6111419,6111419,"01",222.6708,"NHDV2_vaa",16.90116,"NWIS field measurements"
"CT_Unio","nwis_01188090",6109643,6109643,"01",978.5736,"NHDV2_vaa",45.72,"NWIS field measurements"
"FL_Branford","nwis_02320500",2232693,2232693,"03S",18603.144,"NHDV2_vaa",103.0224,"NWIS field measurements"
"FL_CowCreek",NA,2161816,2161816,"03S",243.6795,"NHDV2_vaa",12.2135576217023,"Regional geomorphic scaling coeff"
"FL_Drain",NA,2161826,2161826,"03S",222.9201,"NHDV2_vaa",11.7317676093672,"Regional geomorphic scaling coeff"
"FL_ICHE2700","nwis_02322700",2161766,2161766,"03S",457.785,"NHDV2_vaa",22.69236,"NWIS field measurements"
"FL_NR1000","nwis_02321000",2161384,2161384,"03S",491.6781,"NHDV2_vaa",14.11224,"NWIS field measurements"
"FL_Olustee",NA,2156952,2156952,"03S",138.4704,"NHDV2_vaa",9.46004799843606,"Regional geomorphic scaling coeff"
"FL_SF2500","nwis_02322500",2161822,2161822,"03S",2464.4655,"NHDV2_vaa",49.3776,"NWIS field measurements"
"FL_SF2800","nwis_02322800",2161876,2161876,"03S",3314.6109,"NHDV2_vaa",62.484,"NWIS field measurements"
"FL_SF700","nwis_02320700",2161828,2161828,"03S",247.3893,"NHDV2_vaa",9.32688,"NWIS field measurements"
"FL_WaterOak",NA,2157040,2157040,"03S",4.7781,"NHDV2_vaa",2.0654912813773,"Regional geomorphic scaling coeff"
"FL_WhiteSprings","nwis_02315500",166743978,166743978,"03S",5882.6646,"NHDV2_vaa",36.576,"NWIS field measurements"
"FL_WS1500","nwis_02321500",2161874,2161874,"03S",1499.1804,"NHDV2_vaa",41.4528,"NWIS field measurements"
"IN_SDW","nwis_03331224",18487568,18487568,"05",14.9256,"NHDV2_vaa",2.667,"NWIS field measurements"
"KS_KANSASR","nwis_06892350",3730399,3730399,"10L",287436.0564,"NHDV2_vaa",198.882,"NWIS field measurements"
"KS_KANSASREASTLAWRENCE",NA,3737659,3737659,"10L",284302.035,"NHDV2_vaa",123.198218389107,"Regional geomorphic scaling coeff"
"KS_KANSASRFALLLEAF",NA,3737651,3737651,"10L",284430.7296,"NHDV2_vaa",123.220411014977,"Regional geomorphic scaling coeff"
"MD_BARN","nwis_01583580",11688418,11688418,"02",4.3164,"NHDV2_vaa",2.77368,"NWIS field measurements"
"MD_DRKR","nwis_01589330",11689186,11689186,"02",20.5866,"NHDV2_vaa",6.7056,"NWIS field measurements"
"MD_GFCP","nwis_01589352",11689212,11689212,"02",164.6676,"NHDV2_vaa",17.8308,"NWIS field measurements"
"MD_GFGB","nwis_01589197",11688596,11688596,"02",10.6101,"NHDV2_vaa",3.03276,"NWIS field measurements"
"MD_GFVN","nwis_01589300",11689106,11689106,"02",88.4268,"NHDV2_vaa",12.52728,"NWIS field measurements"
"MD_POBR","nwis_01583570",11688418,NA,"02",0.31,"nwis_site_description",0.4572,"NWIS field measurements"
"MI_PILG1",NA,11937543,11937543,"04",62.961,"NHDV2_vaa",8.74067741630705,"Regional geomorphic scaling coeff"
"MI_PILG14",NA,11937577,11937577,"04",33.835,"NHDV2_vaa",6.44747146311566,"Regional geomorphic scaling coeff"
"MI_PILG6",NA,11937543,11937543,"04",62.961,"NHDV2_vaa",8.74067741630705,"Regional geomorphic scaling coeff"
"MI_PILGNF15",NA,11937579,11937579,"04",20.306,"NHDV2_vaa",5.02037255920224,"Regional geomorphic scaling coeff"
"MI_PILGSF16",NA,11938039,11938039,"04",2.912,"NHDV2_vaa",1.93844628745765,"Regional geomorphic scaling coeff"
"MI_SILVER","nwis_04043150",12027144,12027144,"04",173.508,"NHDV2_vaa",16.1544,"NWIS field measurements"
"MI_TOBACCO",NA,11937185,11937185,"04",123.882,"NHDV2_vaa",12.1779453843785,"Regional geomorphic scaling coeff"
"MI_TRAPROCK","nwis_04043050",11937203,11937203,"04",2.633,"NHDV2_vaa",9.6774,"NWIS field measurements"
"NC_Eno","nwis_02085000",8780571,8780571,"03N",175.1571,"NHDV2_vaa",11.2776,"NWIS field measurements"
"NC_MC751",NA,8888398,8888398,"03N",4.1157,"NHDV2_vaa",2.63337010890945,"Regional geomorphic scaling coeff"
"NC_Mud",NA,8888400,8888400,"03N",1.3761,"NHDV2_vaa",2.82,"StreamPULSE estimates"
"NC_NHC",NA,8895490,8895490,"03N",81.1656,"NHDV2_vaa",9.3,"StreamPULSE estimates"
"NC_PWC",NA,8895420,8895420,"03N",62.1144,"NHDV2_vaa",8.62233778694316,"Regional geomorphic scaling coeff"
"NC_Stony",NA,8780657,8780657,"03N",3.5397,"NHDV2_vaa",3.325,"StreamPULSE estimates"
"NC_UEno",NA,8780473,8780473,"03N",31.77,"NHDV2_vaa",7.1,"StreamPULSE estimates"
"NC_UNHC",NA,8895362,8895362,"03N",59.2038,"NHDV2_vaa",10.9,"StreamPULSE estimates"
"NH_BDC",NA,5845162,NA,"01",0.29,"StreamStats",0.9,"StreamPULSE estimates"
"NH_BEF",NA,9311801,9311801,"01",18.2223,"NHDV2_vaa",5.91014975627823,"Regional geomorphic scaling coeff"
"NH_DCF",NA,5847952,5847952,"01",5.9292,"NHDV2_vaa",2.4635,"StreamPULSE estimates"
"NH_GOF","nwis_01092000",6745688,6745688,"01",7987.3641,"NHDV2_vaa",174.0408,"NWIS field measurements"
"NH_HBF",NA,6729679,NA,"01",0.4,"localuser_HBFLTER",0.786842256932937,"Regional geomorphic scaling coeff"
"NH_MCQ",NA,6745678,NA,"01",0.44,"localuser_UNHWQAL",0.827452387098792,"Regional geomorphic scaling coeff"
"NH_SBM",NA,5847820,5847820,"01",1.4562,"NHDV2_vaa",1.61,"StreamPULSE estimates"
"NH_TPB",NA,6740166,6740166,"01",4.1679,"NHDV2_vaa",3.4905,"StreamPULSE estimates"
"NH_WHB",NA,5848004,5848004,"01",1.602,"NHDV2_vaa",0.975,"StreamPULSE estimates"
"RI_CorkBrk","nwis_01115280",6128763,6128763,"01",7.0326,"NHDV2_vaa",2.07264,"NWIS field measurements"
"UT_Potash","nwis_09185600",3379149,3379149,"14",65676.1563,"NHDV2_vaa",100.7364,"NWIS field measurements"
"VT_MOOS","nwis_01134500",4570675,4570675,"01",208.9341,"NHDV2_vaa",18.8976,"NWIS field measurements"
"VT_Pass","nwis_01135500",4572379,4572379,"01",1125.1035,"NHDV2_vaa",39.9288,"NWIS field measurements"
"VT_POPE","nwis_01135150",4572347,4572347,"01",11.1456,"NHDV2_vaa",3.81,"NWIS field measurements"
"VT_SLPR","nwis_01135300",4572307,4572307,"01",120.4659,"NHDV2_vaa",18.1356,"NWIS field measurements"
"WI_BEC","nwis_05406457",13633173,13633173,"07",1.1952,"NHDV2_vaa",5.1816,"NWIS field measurements"
"WI_BRW","nwis_05406469",13633137,13633137,"07",28.8342,"NHDV2_vaa",4.05384,"NWIS field measurements"
